SalesID,CustomerID,ProductID,Quantity,PricePerUnit,SaleDate
1,97,96,12,170.7,2024-01-01 00:00:00
2,115,19,12,389.01,2024-01-01 01:00:00
3,47,57,17,321.56,2024-01-01 02:00:00
4,190,99,15,231.27,2024-01-01 03:00:00
5,99,40,19,226.83,2024-01-01 04:00:00
6,184,40,12,226.82,2024-01-01 05:00:00
7,150,7,11,442.17,2024-01-01 06:00:00
8,40,73,13,193.56,2024-01-01 07:00:00
9,145,89,19,371.11,2024-01-01 08:00:00
10,69,72,5,284.05,2024-01-01 09:00:00
11,115,25,12,341.25,2024-01-01 10:00:00
12,49,56,3,470.07,2024-01-01 11:00:00
13,119,37,12,413.33,2024-01-01 12:00:00
14,14,23,4,318.68,2024-01-01 13:00:00
15,133,4,5,131.51,2024-01-01 14:00:00
16,124,66,17,211.98,2024-01-01 15:00:00
17,35,2,4,381.0,2024-01-01 16:00:00
18,168,54,4,491.92,2024-01-01 17:00:00
19,139,79,18,200.46,2024-01-01 18:00:00
20,156,75,6,65.78,2024-01-01 19:00:00
21,94,67,18,411.88,2024-01-01 20:00:00
22,45,72,3,312.69,2024-01-01 21:00:00
23,44,98,1,358.61,2024-01-01 22:00:00
24,114,14,15,123.32,2024-01-01 23:00:00
25,35,46,17,306.2,2024-01-02 00:00:00
26,141,71,7,419.78,2024-01-02 01:00:00
27,35,25,9,198.95,2024-01-02 02:00:00
28,72,95,9,467.5,2024-01-02 03:00:00
29,150,6,10,498.75,2024-01-02 04:00:00
30,117,27,8,268.92,2024-01-02 05:00:00
31,64,33,19,448.0,2024-01-02 06:00:00
32,187,39,7,232.31,2024-01-02 07:00:00
33,82,17,3,249.53,2024-01-02 08:00:00
34,113,48,2,477.34,2024-01-02 09:00:00
35,2,22,11,288.36,2024-01-02 10:00:00
36,70,61,12,460.44,2024-01-02 11:00:00
37,181,48,2,137.56,2024-01-02 12:00:00
38,143,61,10,152.92,2024-01-02 13:00:00
39,63,23,19,469.1,2024-01-02 14:00:00
40,92,39,12,78.94,2024-01-02 15:00:00
41,69,37,13,140.33,2024-01-02 16:00:00
42,22,64,14,268.34,2024-01-02 17:00:00
43,107,16,6,84.08,2024-01-02 18:00:00
44,22,91,16,60.48,2024-01-02 19:00:00
45,17,46,5,360.09,2024-01-02 20:00:00
46,138,85,10,377.37,2024-01-02 21:00:00
47,11,17,4,215.93,2024-01-02 22:00:00
48,34,99,8,204.75,2024-01-02 23:00:00
49,135,25,17,229.85,2024-01-03 00:00:00
50,116,84,2,90.11,2024-01-03 01:00:00
51,57,75,13,183.34,2024-01-03 02:00:00
52,151,1,19,292.12,2024-01-03 03:00:00
53,17,39,1,376.73,2024-01-03 04:00:00
54,2,62,11,99.86,2024-01-03 05:00:00
55,169,26,8,384.22,2024-01-03 06:00:00
56,153,31,14,264.9,2024-01-03 07:00:00
57,169,65,7,414.22,2024-01-03 08:00:00
58,6,92,7,206.16,2024-01-03 09:00:00
59,61,2,2,412.16,2024-01-03 10:00:00
60,50,25,19,82.88,2024-01-03 11:00:00
61,152,64,10,328.81,2024-01-03 12:00:00
62,106,85,11,255.98,2024-01-03 13:00:00
63,175,27,2,196.54,2024-01-03 14:00:00
64,55,59,4,490.23,2024-01-03 15:00:00
65,41,75,16,137.22,2024-01-03 16:00:00
66,49,84,18,219.65,2024-01-03 17:00:00
67,27,65,10,276.57,2024-01-03 18:00:00
68,107,66,6,227.32,2024-01-03 19:00:00
69,170,24,17,299.7,2024-01-03 20:00:00
70,1,32,5,491.91,2024-01-03 21:00:00
71,82,1,11,403.06,2024-01-03 22:00:00
72,3,90,9,121.58,2024-01-03 23:00:00
73,190,69,11,353.87,2024-01-04 00:00:00
74,109,8,7,427.8,2024-01-04 01:00:00
75,33,53,15,148.27,2024-01-04 02:00:00
76,16,89,19,70.22,2024-01-04 03:00:00
77,160,97,1,85.84,2024-01-04 04:00:00
78,4,46,14,255.4,2024-01-04 05:00:00
79,184,94,17,412.64,2024-01-04 06:00:00
80,39,63,13,173.31,2024-01-04 07:00:00
81,179,82,11,374.45,2024-01-04 08:00:00
82,50,43,19,284.83,2024-01-04 09:00:00
83,76,46,15,438.78,2024-01-04 10:00:00
84,148,2,12,363.81,2024-01-04 11:00:00
85,130,25,4,347.93,2024-01-04 12:00:00
86,105,7,12,436.24,2024-01-04 13:00:00
87,180,62,8,373.0,2024-01-04 14:00:00
88,191,95,4,314.23,2024-01-04 15:00:00
89,7,51,3,124.79,2024-01-04 16:00:00
90,72,68,3,281.2,2024-01-04 17:00:00
91,159,97,5,309.94,2024-01-04 18:00:00
92,80,9,9,393.05,2024-01-04 19:00:00
93,75,8,17,387.69,2024-01-04 20:00:00
94,19,39,5,450.98,2024-01-04 21:00:00
95,158,63,5,79.1,2024-01-04 22:00:00
96,70,51,16,111.0,2024-01-04 23:00:00
97,137,3,6,287.96,2024-01-05 00:00:00
98,96,64,1,354.47,2024-01-05 01:00:00
99,75,41,9,266.75,2024-01-05 02:00:00
100,126,58,17,168.35,2024-01-05 03:00:00
101,187,25,5,292.62,2024-01-05 04:00:00
102,126,86,13,128.29,2024-01-05 05:00:00
103,156,13,18,114.54,2024-01-05 06:00:00
104,172,35,8,96.37,2024-01-05 07:00:00
105,140,46,4,234.28,2024-01-05 08:00:00
106,102,13,3,335.11,2024-01-05 09:00:00
107,170,14,3,369.32,2024-01-05 10:00:00
108,43,46,16,431.71,2024-01-05 11:00:00
109,46,94,18,266.71,2024-01-05 12:00:00
110,5,75,9,205.33,2024-01-05 13:00:00
111,165,13,4,257.02,2024-01-05 14:00:00
112,59,91,13,391.67,2024-01-05 15:00:00
113,10,7,3,81.5,2024-01-05 16:00:00
114,89,22,17,361.25,2024-01-05 17:00:00
115,162,70,14,252.87,2024-01-05 18:00:00
116,80,100,1,314.54,2024-01-05 19:00:00
117,178,84,15,197.2,2024-01-05 20:00:00
118,77,97,9,405.34,2024-01-05 21:00:00
119,146,13,4,285.46,2024-01-05 22:00:00
120,67,1,6,325.66,2024-01-05 23:00:00
121,142,59,10,103.74,2024-01-06 00:00:00
122,14,59,6,339.6,2024-01-06 01:00:00
123,61,58,11,297.72,2024-01-06 02:00:00
124,83,51,9,447.45,2024-01-06 03:00:00
125,146,36,7,309.65,2024-01-06 04:00:00
126,88,94,16,68.33,2024-01-06 05:00:00
127,159,88,18,379.9,2024-01-06 06:00:00
128,97,63,13,278.92,2024-01-06 07:00:00
129,6,1,18,254.24,2024-01-06 08:00:00
130,162,1,10,83.94,2024-01-06 09:00:00
131,167,3,14,114.68,2024-01-06 10:00:00
132,42,64,3,386.23,2024-01-06 11:00:00
133,32,36,2,78.09,2024-01-06 12:00:00
134,62,88,12,343.7,2024-01-06 13:00:00
135,6,55,4,324.51,2024-01-06 14:00:00
136,107,82,6,324.54,2024-01-06 15:00:00
137,56,63,1,295.48,2024-01-06 16:00:00
138,64,97,6,190.73,2024-01-06 17:00:00
139,33,46,1,426.8,2024-01-06 18:00:00
140,56,87,16,77.74,2024-01-06 19:00:00
141,122,58,19,400.28,2024-01-06 20:00:00
142,54,75,9,200.54,2024-01-06 21:00:00
143,119,14,6,481.4,2024-01-06 22:00:00
144,85,31,14,459.22,2024-01-06 23:00:00
145,118,42,1,176.21,2024-01-07 00:00:00
146,39,46,8,241.33,2024-01-07 01:00:00
147,176,92,8,486.01,2024-01-07 02:00:00
148,3,96,15,294.92,2024-01-07 03:00:00
149,41,91,1,240.06,2024-01-07 04:00:00
150,43,94,11,65.02,2024-01-07 05:00:00
151,173,61,2,245.81,2024-01-07 06:00:00
152,140,31,15,163.6,2024-01-07 07:00:00
153,25,16,19,97.59,2024-01-07 08:00:00
154,172,88,4,157.63,2024-01-07 09:00:00
155,198,65,9,370.37,2024-01-07 10:00:00
156,171,27,13,100.61,2024-01-07 11:00:00
157,58,58,3,402.98,2024-01-07 12:00:00
158,188,26,15,268.79,2024-01-07 13:00:00
159,29,50,7,215.64,2024-01-07 14:00:00
160,200,79,10,77.03,2024-01-07 15:00:00
161,140,58,19,100.91,2024-01-07 16:00:00
162,63,15,9,177.02,2024-01-07 17:00:00
163,134,22,1,182.77,2024-01-07 18:00:00
164,163,62,11,444.6,2024-01-07 19:00:00
165,72,93,19,133.09,2024-01-07 20:00:00
166,159,4,5,395.07,2024-01-07 21:00:00
167,176,24,2,162.36,2024-01-07 22:00:00
168,171,77,17,237.11,2024-01-07 23:00:00
169,87,49,5,362.48,2024-01-08 00:00:00
170,172,62,11,214.05,2024-01-08 01:00:00
171,106,92,7,337.75,2024-01-08 02:00:00
172,132,61,5,215.84,2024-01-08 03:00:00
173,167,49,17,322.32,2024-01-08 04:00:00
174,197,14,9,219.9,2024-01-08 05:00:00
175,10,1,6,162.96,2024-01-08 06:00:00
176,184,35,3,208.58,2024-01-08 07:00:00
177,41,33,9,452.93,2024-01-08 08:00:00
178,81,18,19,212.93,2024-01-08 09:00:00
179,130,67,3,169.98,2024-01-08 10:00:00
180,187,8,14,414.12,2024-01-08 11:00:00
181,33,79,9,212.02,2024-01-08 12:00:00
182,122,52,4,72.26,2024-01-08 13:00:00
183,12,100,7,77.97,2024-01-08 14:00:00
184,65,97,16,112.38,2024-01-08 15:00:00
185,20,30,16,290.73,2024-01-08 16:00:00
186,48,64,18,297.18,2024-01-08 17:00:00
187,93,25,12,177.49,2024-01-08 18:00:00
188,6,57,14,181.29,2024-01-08 19:00:00
189,131,20,17,439.77,2024-01-08 20:00:00
190,159,11,13,125.04,2024-01-08 21:00:00
191,109,99,13,299.64,2024-01-08 22:00:00
192,150,39,19,366.99,2024-01-08 23:00:00
193,138,19,3,293.0,2024-01-09 00:00:00
194,118,26,17,486.64,2024-01-09 01:00:00
195,102,2,10,330.67,2024-01-09 02:00:00
196,42,1,6,353.58,2024-01-09 03:00:00
197,88,51,12,185.37,2024-01-09 04:00:00
198,148,36,1,397.63,2024-01-09 05:00:00
199,184,85,19,324.77,2024-01-09 06:00:00
200,50,80,16,360.29,2024-01-09 07:00:00
201,5,64,8,410.32,2024-01-09 08:00:00
202,101,62,1,177.35,2024-01-09 09:00:00
203,93,71,10,368.98,2024-01-09 10:00:00
204,33,27,3,225.26,2024-01-09 11:00:00
205,147,90,15,453.46,2024-01-09 12:00:00
206,135,31,11,429.38,2024-01-09 13:00:00
207,149,50,9,403.19,2024-01-09 14:00:00
208,28,91,3,231.07,2024-01-09 15:00:00
209,46,42,7,245.81,2024-01-09 16:00:00
210,94,72,11,377.52,2024-01-09 17:00:00
211,190,13,10,55.77,2024-01-09 18:00:00
212,128,12,16,191.92,2024-01-09 19:00:00
213,40,87,14,58.73,2024-01-09 20:00:00
214,68,59,17,316.19,2024-01-09 21:00:00
215,15,88,14,94.1,2024-01-09 22:00:00
216,61,46,15,274.26,2024-01-09 23:00:00
217,99,71,14,339.47,2024-01-10 00:00:00
218,196,95,11,389.72,2024-01-10 01:00:00
219,127,3,18,468.78,2024-01-10 02:00:00
220,130,38,19,57.57,2024-01-10 03:00:00
221,144,76,19,134.2,2024-01-10 04:00:00
222,170,22,14,379.88,2024-01-10 05:00:00
223,56,55,19,66.53,2024-01-10 06:00:00
224,50,61,13,270.22,2024-01-10 07:00:00
225,61,81,15,439.0,2024-01-10 08:00:00
226,34,76,17,200.18,2024-01-10 09:00:00
227,6,41,1,233.73,2024-01-10 10:00:00
228,32,10,18,149.0,2024-01-10 11:00:00
229,127,58,18,69.18,2024-01-10 12:00:00
230,188,59,5,155.43,2024-01-10 13:00:00
231,149,62,8,274.59,2024-01-10 14:00:00
232,127,44,18,230.92,2024-01-10 15:00:00
233,117,92,15,306.62,2024-01-10 16:00:00
234,191,77,9,445.36,2024-01-10 17:00:00
235,117,56,8,234.97,2024-01-10 18:00:00
236,81,25,18,189.56,2024-01-10 19:00:00
237,75,20,11,233.22,2024-01-10 20:00:00
238,69,5,12,404.87,2024-01-10 21:00:00
239,106,3,15,80.19,2024-01-10 22:00:00
240,3,52,7,339.55,2024-01-10 23:00:00
241,1,89,6,53.3,2024-01-11 00:00:00
242,167,46,4,423.32,2024-01-11 01:00:00
243,94,70,8,404.17,2024-01-11 02:00:00
244,54,87,9,88.53,2024-01-11 03:00:00
245,20,30,1,77.14,2024-01-11 04:00:00
246,115,33,11,83.28,2024-01-11 05:00:00
247,127,1,4,309.02,2024-01-11 06:00:00
248,104,75,19,408.26,2024-01-11 07:00:00
249,200,90,16,438.0,2024-01-11 08:00:00
250,152,45,8,166.3,2024-01-11 09:00:00
251,22,74,16,363.64,2024-01-11 10:00:00
252,54,84,11,368.92,2024-01-11 11:00:00
253,86,93,15,54.4,2024-01-11 12:00:00
254,119,5,7,116.38,2024-01-11 13:00:00
255,64,28,19,72.6,2024-01-11 14:00:00
256,29,71,7,443.41,2024-01-11 15:00:00
257,66,34,12,229.86,2024-01-11 16:00:00
258,138,35,10,256.86,2024-01-11 17:00:00
259,154,55,7,373.82,2024-01-11 18:00:00
260,98,46,12,221.25,2024-01-11 19:00:00
261,112,73,1,302.75,2024-01-11 20:00:00
262,90,75,12,81.45,2024-01-11 21:00:00
263,160,72,16,203.26,2024-01-11 22:00:00
264,142,84,18,402.74,2024-01-11 23:00:00
265,135,53,11,151.04,2024-01-12 00:00:00
266,128,19,18,446.11,2024-01-12 01:00:00
267,82,6,11,60.71,2024-01-12 02:00:00
268,68,65,8,75.68,2024-01-12 03:00:00
269,169,13,12,306.13,2024-01-12 04:00:00
270,74,73,14,238.06,2024-01-12 05:00:00
271,172,14,8,405.53,2024-01-12 06:00:00
272,179,43,4,308.55,2024-01-12 07:00:00
273,23,34,6,376.94,2024-01-12 08:00:00
274,189,2,7,225.5,2024-01-12 09:00:00
275,44,37,13,105.22,2024-01-12 10:00:00
276,11,47,12,238.31,2024-01-12 11:00:00
277,143,23,5,329.66,2024-01-12 12:00:00
278,117,76,17,102.3,2024-01-12 13:00:00
279,145,79,6,145.18,2024-01-12 14:00:00
280,166,32,15,184.79,2024-01-12 15:00:00
281,178,37,8,431.52,2024-01-12 16:00:00
282,85,7,16,437.18,2024-01-12 17:00:00
283,144,2,18,204.53,2024-01-12 18:00:00
284,27,38,16,228.81,2024-01-12 19:00:00
285,160,18,19,163.47,2024-01-12 20:00:00
286,88,39,10,194.54,2024-01-12 21:00:00
287,166,27,19,318.07,2024-01-12 22:00:00
288,130,70,5,493.03,2024-01-12 23:00:00
289,200,71,3,132.09,2024-01-13 00:00:00
290,105,47,11,288.08,2024-01-13 01:00:00
291,148,82,7,322.22,2024-01-13 02:00:00
292,193,9,2,178.39,2024-01-13 03:00:00
293,4,84,15,352.75,2024-01-13 04:00:00
294,190,15,17,65.59,2024-01-13 05:00:00
295,86,84,9,87.73,2024-01-13 06:00:00
296,62,29,10,327.76,2024-01-13 07:00:00
297,191,67,17,259.39,2024-01-13 08:00:00
298,11,61,10,96.4,2024-01-13 09:00:00
299,122,54,17,314.85,2024-01-13 10:00:00
300,200,43,14,450.5,2024-01-13 11:00:00
301,24,43,2,198.24,2024-01-13 12:00:00
302,199,98,7,271.06,2024-01-13 13:00:00
303,115,51,3,419.59,2024-01-13 14:00:00
304,171,80,12,53.94,2024-01-13 15:00:00
305,137,61,13,218.35,2024-01-13 16:00:00
306,19,99,19,426.42,2024-01-13 17:00:00
307,166,93,10,365.76,2024-01-13 18:00:00
308,49,61,9,480.23,2024-01-13 19:00:00
309,187,78,7,461.81,2024-01-13 20:00:00
310,197,6,2,271.66,2024-01-13 21:00:00
311,151,49,8,173.11,2024-01-13 22:00:00
312,166,11,6,444.76,2024-01-13 23:00:00
313,80,3,16,417.5,2024-01-14 00:00:00
314,138,86,17,229.55,2024-01-14 01:00:00
315,48,49,16,68.13,2024-01-14 02:00:00
316,63,12,8,53.75,2024-01-14 03:00:00
317,14,8,17,220.1,2024-01-14 04:00:00
318,97,79,2,289.34,2024-01-14 05:00:00
319,110,11,15,152.38,2024-01-14 06:00:00
320,165,44,16,347.36,2024-01-14 07:00:00
321,182,14,2,246.38,2024-01-14 08:00:00
322,177,76,2,120.65,2024-01-14 09:00:00
323,88,10,10,76.92,2024-01-14 10:00:00
324,43,69,4,494.61,2024-01-14 11:00:00
325,161,17,15,435.13,2024-01-14 12:00:00
326,92,47,4,135.08,2024-01-14 13:00:00
327,104,45,19,433.31,2024-01-14 14:00:00
328,130,20,2,148.26,2024-01-14 15:00:00
329,149,80,19,72.87,2024-01-14 16:00:00
330,167,87,14,63.6,2024-01-14 17:00:00
331,44,2,13,187.66,2024-01-14 18:00:00
332,47,14,9,76.77,2024-01-14 19:00:00
333,122,38,11,262.66,2024-01-14 20:00:00
334,119,76,13,82.18,2024-01-14 21:00:00
335,135,61,18,128.28,2024-01-14 22:00:00
336,125,43,15,326.14,2024-01-14 23:00:00
337,97,40,1,370.71,2024-01-15 00:00:00
338,28,35,2,207.09,2024-01-15 01:00:00
339,197,19,6,80.21,2024-01-15 02:00:00
340,63,76,14,407.59,2024-01-15 03:00:00
341,24,94,5,80.01,2024-01-15 04:00:00
342,96,33,1,199.6,2024-01-15 05:00:00
343,75,74,17,372.89,2024-01-15 06:00:00
344,197,17,11,363.61,2024-01-15 07:00:00
345,62,6,19,179.87,2024-01-15 08:00:00
346,164,49,15,389.99,2024-01-15 09:00:00
347,172,68,9,370.97,2024-01-15 10:00:00
348,88,89,14,327.47,2024-01-15 11:00:00
349,25,73,11,361.51,2024-01-15 12:00:00
350,7,85,8,80.06,2024-01-15 13:00:00
351,10,11,14,84.5,2024-01-15 14:00:00
352,157,32,15,187.97,2024-01-15 15:00:00
353,106,15,3,120.8,2024-01-15 16:00:00
354,169,16,11,115.34,2024-01-15 17:00:00
355,37,80,15,124.14,2024-01-15 18:00:00
356,122,52,13,370.24,2024-01-15 19:00:00
357,19,13,5,256.81,2024-01-15 20:00:00
358,189,97,16,207.16,2024-01-15 21:00:00
359,159,71,1,256.61,2024-01-15 22:00:00
360,70,15,19,443.93,2024-01-15 23:00:00
361,197,65,5,496.84,2024-01-16 00:00:00
362,177,22,1,354.45,2024-01-16 01:00:00
363,7,75,10,395.53,2024-01-16 02:00:00
364,147,71,9,312.17,2024-01-16 03:00:00
365,92,48,15,447.68,2024-01-16 04:00:00
366,99,45,4,404.97,2024-01-16 05:00:00
367,135,61,9,345.3,2024-01-16 06:00:00
368,15,59,14,305.42,2024-01-16 07:00:00
369,51,15,1,420.4,2024-01-16 08:00:00
370,30,99,11,422.94,2024-01-16 09:00:00
371,171,62,16,415.41,2024-01-16 10:00:00
372,106,100,16,189.32,2024-01-16 11:00:00
373,140,49,3,362.31,2024-01-16 12:00:00
374,71,97,1,283.45,2024-01-16 13:00:00
375,61,9,14,308.73,2024-01-16 14:00:00
376,92,44,18,232.59,2024-01-16 15:00:00
377,193,62,13,366.16,2024-01-16 16:00:00
378,17,16,17,170.68,2024-01-16 17:00:00
379,60,70,4,307.17,2024-01-16 18:00:00
380,55,4,14,353.69,2024-01-16 19:00:00
381,21,22,14,59.11,2024-01-16 20:00:00
382,3,3,8,461.81,2024-01-16 21:00:00
383,62,99,1,194.57,2024-01-16 22:00:00
384,22,60,18,367.4,2024-01-16 23:00:00
385,112,99,6,435.15,2024-01-17 00:00:00
386,70,100,6,489.9,2024-01-17 01:00:00
387,183,95,7,243.77,2024-01-17 02:00:00
388,123,50,2,175.03,2024-01-17 03:00:00
389,143,1,16,444.47,2024-01-17 04:00:00
390,50,11,5,310.89,2024-01-17 05:00:00
391,66,17,5,142.14,2024-01-17 06:00:00
392,156,70,15,66.18,2024-01-17 07:00:00
393,41,6,18,453.83,2024-01-17 08:00:00
394,107,10,10,340.74,2024-01-17 09:00:00
395,190,5,12,70.22,2024-01-17 10:00:00
396,90,4,19,153.18,2024-01-17 11:00:00
397,195,94,18,283.4,2024-01-17 12:00:00
398,192,37,2,234.78,2024-01-17 13:00:00
399,173,92,16,53.93,2024-01-17 14:00:00
400,145,76,19,254.63,2024-01-17 15:00:00
401,60,97,14,338.67,2024-01-17 16:00:00
402,25,92,2,351.57,2024-01-17 17:00:00
403,175,56,6,442.03,2024-01-17 18:00:00
404,155,13,17,350.82,2024-01-17 19:00:00
405,16,89,16,296.51,2024-01-17 20:00:00
406,86,90,5,342.75,2024-01-17 21:00:00
407,158,44,3,112.53,2024-01-17 22:00:00
408,180,62,5,312.49,2024-01-17 23:00:00
409,23,47,7,262.95,2024-01-18 00:00:00
410,162,82,8,234.04,2024-01-18 01:00:00
411,74,84,17,103.38,2024-01-18 02:00:00
412,18,32,12,100.82,2024-01-18 03:00:00
413,180,82,1,483.55,2024-01-18 04:00:00
414,1,19,2,86.77,2024-01-18 05:00:00
415,36,50,7,406.44,2024-01-18 06:00:00
416,141,89,12,276.51,2024-01-18 07:00:00
417,91,24,5,417.83,2024-01-18 08:00:00
418,77,8,2,123.05,2024-01-18 09:00:00
419,194,63,9,231.95,2024-01-18 10:00:00
420,56,53,7,311.21,2024-01-18 11:00:00
421,167,47,5,274.73,2024-01-18 12:00:00
422,119,1,16,431.0,2024-01-18 13:00:00
423,83,49,5,153.59,2024-01-18 14:00:00
424,9,67,1,274.83,2024-01-18 15:00:00
425,89,31,4,386.3,2024-01-18 16:00:00
426,157,3,16,171.15,2024-01-18 17:00:00
427,26,4,10,366.6,2024-01-18 18:00:00
428,184,62,5,261.1,2024-01-18 19:00:00
429,4,36,2,204.52,2024-01-18 20:00:00
430,128,36,4,391.25,2024-01-18 21:00:00
431,53,58,15,54.53,2024-01-18 22:00:00
432,64,25,5,437.33,2024-01-18 23:00:00
433,85,36,9,355.5,2024-01-19 00:00:00
434,27,38,13,139.57,2024-01-19 01:00:00
435,150,41,18,380.21,2024-01-19 02:00:00
436,48,18,19,165.35,2024-01-19 03:00:00
437,109,63,16,217.72,2024-01-19 04:00:00
438,49,32,8,296.23,2024-01-19 05:00:00
439,42,65,4,497.91,2024-01-19 06:00:00
440,165,61,16,240.5,2024-01-19 07:00:00
441,36,68,14,499.82,2024-01-19 08:00:00
442,92,17,3,459.2,2024-01-19 09:00:00
443,126,7,15,460.03,2024-01-19 10:00:00
444,27,71,3,237.25,2024-01-19 11:00:00
445,143,86,12,148.49,2024-01-19 12:00:00
446,152,2,4,312.08,2024-01-19 13:00:00
447,53,36,19,203.93,2024-01-19 14:00:00
448,85,90,3,409.96,2024-01-19 15:00:00
449,189,84,15,381.02,2024-01-19 16:00:00
450,101,98,12,216.15,2024-01-19 17:00:00
451,161,72,2,354.49,2024-01-19 18:00:00
452,169,74,3,335.7,2024-01-19 19:00:00
453,180,21,16,471.77,2024-01-19 20:00:00
454,180,55,12,175.11,2024-01-19 21:00:00
455,158,17,4,163.48,2024-01-19 22:00:00
456,186,79,15,272.78,2024-01-19 23:00:00
457,192,61,11,138.26,2024-01-20 00:00:00
458,153,64,19,282.26,2024-01-20 01:00:00
459,183,99,15,180.07,2024-01-20 02:00:00
460,85,56,7,276.69,2024-01-20 03:00:00
461,12,63,9,476.45,2024-01-20 04:00:00
462,59,52,2,273.76,2024-01-20 05:00:00
463,13,69,1,435.55,2024-01-20 06:00:00
464,65,65,18,396.37,2024-01-20 07:00:00
465,88,31,2,226.53,2024-01-20 08:00:00
466,122,1,12,59.03,2024-01-20 09:00:00
467,75,64,12,487.51,2024-01-20 10:00:00
468,147,97,7,225.72,2024-01-20 11:00:00
469,152,24,6,229.79,2024-01-20 12:00:00
470,83,62,5,137.19,2024-01-20 13:00:00
471,14,57,2,160.81,2024-01-20 14:00:00
472,37,87,3,368.2,2024-01-20 15:00:00
473,89,51,18,94.19,2024-01-20 16:00:00
474,192,88,15,346.17,2024-01-20 17:00:00
475,89,23,8,192.05,2024-01-20 18:00:00
476,28,16,3,219.54,2024-01-20 19:00:00
477,11,50,1,86.76,2024-01-20 20:00:00
478,87,68,17,71.09,2024-01-20 21:00:00
479,130,65,4,352.87,2024-01-20 22:00:00
480,21,73,17,396.67,2024-01-20 23:00:00
481,57,61,9,236.15,2024-01-21 00:00:00
482,133,30,2,311.37,2024-01-21 01:00:00
483,189,36,19,53.3,2024-01-21 02:00:00
484,25,92,6,104.92,2024-01-21 03:00:00
485,115,1,6,75.65,2024-01-21 04:00:00
486,55,19,10,55.73,2024-01-21 05:00:00
487,75,42,3,186.63,2024-01-21 06:00:00
488,130,45,2,458.72,2024-01-21 07:00:00
489,156,53,8,135.67,2024-01-21 08:00:00
490,107,24,1,327.14,2024-01-21 09:00:00
491,46,75,5,462.24,2024-01-21 10:00:00
492,162,19,6,227.98,2024-01-21 11:00:00
493,159,62,13,342.47,2024-01-21 12:00:00
494,136,27,16,113.21,2024-01-21 13:00:00
495,151,22,2,81.43,2024-01-21 14:00:00
496,92,9,16,262.85,2024-01-21 15:00:00
497,57,46,3,137.57,2024-01-21 16:00:00
498,53,21,18,363.46,2024-01-21 17:00:00
499,98,80,6,244.33,2024-01-21 18:00:00
500,34,60,15,207.55,2024-01-21 19:00:00
501,102,58,8,497.1,2024-01-21 20:00:00
502,165,57,9,442.68,2024-01-21 21:00:00
503,137,23,6,208.73,2024-01-21 22:00:00
504,145,14,3,309.17,2024-01-21 23:00:00
505,11,62,11,490.96,2024-01-22 00:00:00
506,107,82,10,290.39,2024-01-22 01:00:00
507,150,32,12,151.65,2024-01-22 02:00:00
508,191,79,1,72.77,2024-01-22 03:00:00
509,169,1,19,473.12,2024-01-22 04:00:00
510,80,16,1,120.43,2024-01-22 05:00:00
511,105,1,2,427.82,2024-01-22 06:00:00
512,110,59,18,274.11,2024-01-22 07:00:00
513,97,24,3,191.24,2024-01-22 08:00:00
514,44,62,18,185.23,2024-01-22 09:00:00
515,191,11,11,494.97,2024-01-22 10:00:00
516,97,47,14,309.28,2024-01-22 11:00:00
517,42,57,4,175.72,2024-01-22 12:00:00
518,92,29,13,119.43,2024-01-22 13:00:00
519,137,13,9,347.11,2024-01-22 14:00:00
520,25,67,3,165.6,2024-01-22 15:00:00
521,115,10,13,362.33,2024-01-22 16:00:00
522,148,5,11,365.68,2024-01-22 17:00:00
523,103,72,16,210.55,2024-01-22 18:00:00
524,53,54,15,481.61,2024-01-22 19:00:00
525,40,21,17,187.84,2024-01-22 20:00:00
526,173,56,14,362.95,2024-01-22 21:00:00
527,155,95,10,445.25,2024-01-22 22:00:00
528,46,99,1,449.41,2024-01-22 23:00:00
529,127,57,1,159.24,2024-01-23 00:00:00
530,59,31,13,188.52,2024-01-23 01:00:00
531,195,85,15,221.48,2024-01-23 02:00:00
532,81,83,13,90.42,2024-01-23 03:00:00
533,43,12,18,233.47,2024-01-23 04:00:00
534,98,76,4,214.42,2024-01-23 05:00:00
535,138,27,13,244.26,2024-01-23 06:00:00
536,73,75,1,350.83,2024-01-23 07:00:00
537,173,95,3,453.93,2024-01-23 08:00:00
538,190,48,19,82.68,2024-01-23 09:00:00
539,101,30,11,178.76,2024-01-23 10:00:00
540,6,89,5,463.93,2024-01-23 11:00:00
541,67,44,10,188.03,2024-01-23 12:00:00
542,65,98,13,107.2,2024-01-23 13:00:00
543,19,93,1,180.72,2024-01-23 14:00:00
544,98,24,19,391.58,2024-01-23 15:00:00
545,42,54,13,324.83,2024-01-23 16:00:00
546,56,9,8,455.29,2024-01-23 17:00:00
547,121,15,6,317.69,2024-01-23 18:00:00
548,59,63,10,121.87,2024-01-23 19:00:00
549,180,31,13,180.74,2024-01-23 20:00:00
550,187,22,3,463.58,2024-01-23 21:00:00
551,147,62,11,479.22,2024-01-23 22:00:00
552,46,43,10,373.76,2024-01-23 23:00:00
553,65,82,16,105.26,2024-01-24 00:00:00
554,61,5,7,153.06,2024-01-24 01:00:00
555,94,17,6,313.13,2024-01-24 02:00:00
556,127,59,11,464.7,2024-01-24 03:00:00
557,78,67,2,316.49,2024-01-24 04:00:00
558,199,2,12,91.16,2024-01-24 05:00:00
559,99,21,6,106.27,2024-01-24 06:00:00
560,175,9,16,449.61,2024-01-24 07:00:00
561,178,79,7,316.33,2024-01-24 08:00:00
562,133,93,10,174.3,2024-01-24 09:00:00
563,5,35,15,178.94,2024-01-24 10:00:00
564,11,49,11,197.77,2024-01-24 11:00:00
565,118,93,6,113.71,2024-01-24 12:00:00
566,19,48,12,471.37,2024-01-24 13:00:00
567,90,10,8,374.16,2024-01-24 14:00:00
568,194,30,11,87.79,2024-01-24 15:00:00
569,111,19,7,221.93,2024-01-24 16:00:00
570,78,81,12,230.1,2024-01-24 17:00:00
571,155,43,4,289.56,2024-01-24 18:00:00
572,118,98,17,441.17,2024-01-24 19:00:00
573,119,20,14,226.91,2024-01-24 20:00:00
574,58,26,5,306.25,2024-01-24 21:00:00
575,48,36,6,297.22,2024-01-24 22:00:00
576,32,70,10,443.35,2024-01-24 23:00:00
577,148,67,8,240.44,2024-01-25 00:00:00
578,34,72,8,398.95,2024-01-25 01:00:00
579,85,15,1,426.81,2024-01-25 02:00:00
580,79,62,16,479.91,2024-01-25 03:00:00
581,71,28,16,365.35,2024-01-25 04:00:00
582,46,54,9,81.71,2024-01-25 05:00:00
583,63,52,13,452.56,2024-01-25 06:00:00
584,92,80,3,168.54,2024-01-25 07:00:00
585,199,83,15,441.83,2024-01-25 08:00:00
586,26,95,4,375.18,2024-01-25 09:00:00
587,55,59,10,235.28,2024-01-25 10:00:00
588,146,10,1,227.68,2024-01-25 11:00:00
589,124,25,7,310.4,2024-01-25 12:00:00
590,52,57,10,378.81,2024-01-25 13:00:00
591,166,34,19,339.35,2024-01-25 14:00:00
592,72,25,8,393.82,2024-01-25 15:00:00
593,176,59,13,120.4,2024-01-25 16:00:00
594,109,17,3,312.56,2024-01-25 17:00:00
595,152,8,6,97.95,2024-01-25 18:00:00
596,125,8,16,279.78,2024-01-25 19:00:00
597,186,19,9,159.28,2024-01-25 20:00:00
598,164,50,9,258.28,2024-01-25 21:00:00
599,12,87,2,360.39,2024-01-25 22:00:00
600,170,21,9,260.2,2024-01-25 23:00:00
601,129,82,5,199.97,2024-01-26 00:00:00
602,17,100,9,181.76,2024-01-26 01:00:00
603,7,92,9,362.53,2024-01-26 02:00:00
604,140,46,5,95.35,2024-01-26 03:00:00
605,87,44,2,216.23,2024-01-26 04:00:00
606,47,3,16,421.11,2024-01-26 05:00:00
607,162,75,19,324.72,2024-01-26 06:00:00
608,160,100,4,129.94,2024-01-26 07:00:00
609,96,7,8,296.25,2024-01-26 08:00:00
610,157,60,13,376.85,2024-01-26 09:00:00
611,52,27,3,425.72,2024-01-26 10:00:00
612,3,21,2,255.6,2024-01-26 11:00:00
613,80,36,8,393.94,2024-01-26 12:00:00
614,174,47,11,296.26,2024-01-26 13:00:00
615,91,72,10,434.16,2024-01-26 14:00:00
616,114,66,11,479.74,2024-01-26 15:00:00
617,87,40,11,382.46,2024-01-26 16:00:00
618,104,42,15,169.36,2024-01-26 17:00:00
619,112,23,13,145.28,2024-01-26 18:00:00
620,21,3,7,284.31,2024-01-26 19:00:00
621,147,70,14,451.19,2024-01-26 20:00:00
622,89,78,2,165.41,2024-01-26 21:00:00
623,117,55,6,59.31,2024-01-26 22:00:00
624,161,71,5,346.57,2024-01-26 23:00:00
625,181,90,19,231.37,2024-01-27 00:00:00
626,96,43,13,143.34,2024-01-27 01:00:00
627,163,34,10,359.01,2024-01-27 02:00:00
628,131,63,11,178.01,2024-01-27 03:00:00
629,110,49,2,266.61,2024-01-27 04:00:00
630,127,4,8,452.27,2024-01-27 05:00:00
631,154,69,3,112.53,2024-01-27 06:00:00
632,167,62,19,92.24,2024-01-27 07:00:00
633,70,19,11,220.82,2024-01-27 08:00:00
634,74,89,5,384.8,2024-01-27 09:00:00
635,17,53,7,424.74,2024-01-27 10:00:00
636,75,74,18,92.69,2024-01-27 11:00:00
637,129,41,6,426.65,2024-01-27 12:00:00
638,81,44,17,226.82,2024-01-27 13:00:00
639,176,42,4,465.29,2024-01-27 14:00:00
640,31,72,12,138.93,2024-01-27 15:00:00
641,23,61,12,375.0,2024-01-27 16:00:00
642,44,53,5,470.41,2024-01-27 17:00:00
643,45,25,16,151.39,2024-01-27 18:00:00
644,2,32,9,397.4,2024-01-27 19:00:00
645,98,30,4,449.89,2024-01-27 20:00:00
646,117,33,6,196.98,2024-01-27 21:00:00
647,21,30,3,456.37,2024-01-27 22:00:00
648,68,25,15,497.76,2024-01-27 23:00:00
649,87,24,3,496.47,2024-01-28 00:00:00
650,177,35,12,392.96,2024-01-28 01:00:00
651,147,42,5,219.29,2024-01-28 02:00:00
652,84,88,17,264.06,2024-01-28 03:00:00
653,30,27,14,407.77,2024-01-28 04:00:00
654,140,9,15,478.78,2024-01-28 05:00:00
655,97,39,11,432.79,2024-01-28 06:00:00
656,104,2,10,461.43,2024-01-28 07:00:00
657,23,68,11,231.69,2024-01-28 08:00:00
658,198,94,11,423.91,2024-01-28 09:00:00
659,81,60,12,289.54,2024-01-28 10:00:00
660,182,33,13,225.16,2024-01-28 11:00:00
661,91,46,3,376.02,2024-01-28 12:00:00
662,78,13,10,345.28,2024-01-28 13:00:00
663,179,81,13,143.53,2024-01-28 14:00:00
664,132,80,6,476.28,2024-01-28 15:00:00
665,109,97,12,168.55,2024-01-28 16:00:00
666,94,26,14,66.33,2024-01-28 17:00:00
667,12,33,16,152.35,2024-01-28 18:00:00
668,86,100,7,313.55,2024-01-28 19:00:00
669,112,33,11,467.2,2024-01-28 20:00:00
670,99,10,11,157.75,2024-01-28 21:00:00
671,76,9,19,142.22,2024-01-28 22:00:00
672,35,61,18,246.89,2024-01-28 23:00:00
673,110,60,7,372.94,2024-01-29 00:00:00
674,86,84,7,51.09,2024-01-29 01:00:00
675,61,55,6,291.71,2024-01-29 02:00:00
676,92,59,3,306.45,2024-01-29 03:00:00
677,121,53,11,382.74,2024-01-29 04:00:00
678,63,11,4,193.23,2024-01-29 05:00:00
679,173,1,11,174.04,2024-01-29 06:00:00
680,11,36,19,404.19,2024-01-29 07:00:00
681,3,21,6,128.16,2024-01-29 08:00:00
682,133,38,11,439.1,2024-01-29 09:00:00
683,101,45,9,300.63,2024-01-29 10:00:00
684,128,95,10,261.69,2024-01-29 11:00:00
685,157,62,2,116.28,2024-01-29 12:00:00
686,62,90,18,374.51,2024-01-29 13:00:00
687,185,88,9,177.62,2024-01-29 14:00:00
688,136,90,6,90.46,2024-01-29 15:00:00
689,159,28,15,95.18,2024-01-29 16:00:00
690,35,63,17,321.49,2024-01-29 17:00:00
691,63,69,13,263.42,2024-01-29 18:00:00
692,11,16,4,280.36,2024-01-29 19:00:00
693,23,90,9,187.81,2024-01-29 20:00:00
694,106,90,1,499.87,2024-01-29 21:00:00
695,101,11,16,412.47,2024-01-29 22:00:00
696,16,72,19,227.52,2024-01-29 23:00:00
697,42,33,17,87.04,2024-01-30 00:00:00
698,97,71,9,274.09,2024-01-30 01:00:00
699,132,88,16,61.9,2024-01-30 02:00:00
700,7,14,7,182.79,2024-01-30 03:00:00
701,65,12,7,362.45,2024-01-30 04:00:00
702,55,28,5,166.24,2024-01-30 05:00:00
703,173,19,14,72.26,2024-01-30 06:00:00
704,88,91,9,182.96,2024-01-30 07:00:00
705,128,70,6,376.81,2024-01-30 08:00:00
706,99,37,7,121.9,2024-01-30 09:00:00
707,158,86,7,377.08,2024-01-30 10:00:00
708,123,27,16,156.29,2024-01-30 11:00:00
709,94,59,12,98.16,2024-01-30 12:00:00
710,20,39,13,170.13,2024-01-30 13:00:00
711,75,71,18,457.63,2024-01-30 14:00:00
712,56,64,19,374.34,2024-01-30 15:00:00
713,127,52,16,73.4,2024-01-30 16:00:00
714,57,50,1,243.69,2024-01-30 17:00:00
715,60,26,10,440.3,2024-01-30 18:00:00
716,63,73,16,398.91,2024-01-30 19:00:00
717,76,62,6,469.0,2024-01-30 20:00:00
718,73,9,14,103.06,2024-01-30 21:00:00
719,141,67,15,429.66,2024-01-30 22:00:00
720,147,98,4,499.46,2024-01-30 23:00:00
721,51,44,3,484.42,2024-01-31 00:00:00
722,83,53,18,426.98,2024-01-31 01:00:00
723,143,28,12,426.03,2024-01-31 02:00:00
724,21,32,5,480.6,2024-01-31 03:00:00
725,189,72,4,486.81,2024-01-31 04:00:00
726,89,44,12,216.89,2024-01-31 05:00:00
727,162,94,8,138.92,2024-01-31 06:00:00
728,2,81,16,470.86,2024-01-31 07:00:00
729,150,77,12,465.48,2024-01-31 08:00:00
730,25,66,13,464.32,2024-01-31 09:00:00
731,53,93,16,345.29,2024-01-31 10:00:00
732,20,1,12,282.4,2024-01-31 11:00:00
733,7,97,3,124.55,2024-01-31 12:00:00
734,161,22,16,279.59,2024-01-31 13:00:00
735,147,85,10,114.01,2024-01-31 14:00:00
736,85,66,6,413.69,2024-01-31 15:00:00
737,32,1,13,316.9,2024-01-31 16:00:00
738,187,95,19,444.81,2024-01-31 17:00:00
739,178,80,5,487.21,2024-01-31 18:00:00
740,185,55,17,291.09,2024-01-31 19:00:00
741,19,18,10,348.26,2024-01-31 20:00:00
742,102,82,8,164.66,2024-01-31 21:00:00
743,187,59,19,453.47,2024-01-31 22:00:00
744,197,79,2,393.28,2024-01-31 23:00:00
745,137,95,1,213.23,2024-02-01 00:00:00
746,126,90,8,430.86,2024-02-01 01:00:00
747,148,92,12,362.83,2024-02-01 02:00:00
748,70,22,1,142.12,2024-02-01 03:00:00
749,80,16,6,420.23,2024-02-01 04:00:00
750,170,73,1,297.87,2024-02-01 05:00:00
751,174,9,2,412.01,2024-02-01 06:00:00
752,183,61,15,459.26,2024-02-01 07:00:00
753,80,85,7,358.46,2024-02-01 08:00:00
754,104,23,19,93.46,2024-02-01 09:00:00
755,36,7,4,482.28,2024-02-01 10:00:00
756,143,77,9,336.9,2024-02-01 11:00:00
757,88,23,3,71.47,2024-02-01 12:00:00
758,80,29,16,245.08,2024-02-01 13:00:00
759,20,56,1,304.79,2024-02-01 14:00:00
760,178,71,17,151.68,2024-02-01 15:00:00
761,26,96,4,244.51,2024-02-01 16:00:00
762,102,60,3,69.36,2024-02-01 17:00:00
763,2,4,5,308.75,2024-02-01 18:00:00
764,158,65,11,189.5,2024-02-01 19:00:00
765,91,77,2,411.24,2024-02-01 20:00:00
766,125,47,7,280.48,2024-02-01 21:00:00
767,55,100,14,423.03,2024-02-01 22:00:00
768,119,84,10,286.41,2024-02-01 23:00:00
769,40,93,4,209.77,2024-02-02 00:00:00
770,151,61,3,138.25,2024-02-02 01:00:00
771,173,21,1,228.14,2024-02-02 02:00:00
772,94,72,4,390.71,2024-02-02 03:00:00
773,27,68,15,103.25,2024-02-02 04:00:00
774,103,8,15,286.29,2024-02-02 05:00:00
775,29,65,13,202.92,2024-02-02 06:00:00
776,99,73,3,351.07,2024-02-02 07:00:00
777,62,82,11,137.03,2024-02-02 08:00:00
778,89,89,8,353.49,2024-02-02 09:00:00
779,31,3,7,198.71,2024-02-02 10:00:00
780,96,12,9,476.39,2024-02-02 11:00:00
781,195,18,1,388.48,2024-02-02 12:00:00
782,99,13,8,252.57,2024-02-02 13:00:00
783,168,56,6,352.01,2024-02-02 14:00:00
784,60,82,13,442.1,2024-02-02 15:00:00
785,86,36,3,126.36,2024-02-02 16:00:00
786,18,7,15,485.07,2024-02-02 17:00:00
787,183,17,4,119.68,2024-02-02 18:00:00
788,70,64,8,156.14,2024-02-02 19:00:00
789,29,87,1,201.07,2024-02-02 20:00:00
790,134,20,12,434.99,2024-02-02 21:00:00
791,102,6,4,64.22,2024-02-02 22:00:00
792,97,81,12,112.85,2024-02-02 23:00:00
793,194,30,6,203.6,2024-02-03 00:00:00
794,118,82,5,123.54,2024-02-03 01:00:00
795,10,55,10,276.15,2024-02-03 02:00:00
796,43,26,1,240.22,2024-02-03 03:00:00
797,10,81,11,492.43,2024-02-03 04:00:00
798,44,77,16,441.34,2024-02-03 05:00:00
799,19,88,5,312.78,2024-02-03 06:00:00
800,144,68,15,166.14,2024-02-03 07:00:00
801,134,76,13,419.86,2024-02-03 08:00:00
802,146,57,19,280.87,2024-02-03 09:00:00
803,148,55,7,119.11,2024-02-03 10:00:00
804,118,73,13,248.95,2024-02-03 11:00:00
805,88,81,5,225.65,2024-02-03 12:00:00
806,83,78,1,301.38,2024-02-03 13:00:00
807,30,8,3,57.78,2024-02-03 14:00:00
808,27,94,18,68.42,2024-02-03 15:00:00
809,112,46,8,265.67,2024-02-03 16:00:00
810,61,12,8,112.88,2024-02-03 17:00:00
811,54,23,7,209.63,2024-02-03 18:00:00
812,175,29,11,498.5,2024-02-03 19:00:00
813,154,71,14,346.9,2024-02-03 20:00:00
814,70,7,18,466.2,2024-02-03 21:00:00
815,194,28,1,393.03,2024-02-03 22:00:00
816,64,63,19,290.12,2024-02-03 23:00:00
817,106,89,7,405.94,2024-02-04 00:00:00
818,194,34,2,131.56,2024-02-04 01:00:00
819,33,96,4,90.53,2024-02-04 02:00:00
820,90,61,8,449.2,2024-02-04 03:00:00
821,85,100,6,324.33,2024-02-04 04:00:00
822,70,86,19,287.91,2024-02-04 05:00:00
823,200,57,2,354.53,2024-02-04 06:00:00
824,119,48,17,236.78,2024-02-04 07:00:00
825,167,97,12,325.55,2024-02-04 08:00:00
826,150,2,5,198.57,2024-02-04 09:00:00
827,15,92,3,59.5,2024-02-04 10:00:00
828,106,48,3,127.93,2024-02-04 11:00:00
829,79,28,16,437.72,2024-02-04 12:00:00
830,127,88,13,261.72,2024-02-04 13:00:00
831,133,23,12,276.32,2024-02-04 14:00:00
832,21,79,14,225.46,2024-02-04 15:00:00
833,98,4,4,278.53,2024-02-04 16:00:00
834,166,10,15,125.6,2024-02-04 17:00:00
835,155,24,17,258.52,2024-02-04 18:00:00
836,41,85,2,353.37,2024-02-04 19:00:00
837,5,93,8,377.82,2024-02-04 20:00:00
838,21,57,2,313.01,2024-02-04 21:00:00
839,167,19,4,330.49,2024-02-04 22:00:00
840,52,40,15,283.53,2024-02-04 23:00:00
841,125,57,16,153.82,2024-02-05 00:00:00
842,11,19,7,206.16,2024-02-05 01:00:00
843,63,17,3,151.56,2024-02-05 02:00:00
844,175,78,12,303.12,2024-02-05 03:00:00
845,46,63,15,89.27,2024-02-05 04:00:00
846,182,9,2,160.8,2024-02-05 05:00:00
847,82,75,11,172.73,2024-02-05 06:00:00
848,35,45,4,336.7,2024-02-05 07:00:00
849,14,54,6,386.57,2024-02-05 08:00:00
850,164,68,9,324.54,2024-02-05 09:00:00
851,79,95,17,272.63,2024-02-05 10:00:00
852,25,37,5,371.32,2024-02-05 11:00:00
853,89,79,13,297.56,2024-02-05 12:00:00
854,27,79,4,327.28,2024-02-05 13:00:00
855,115,79,7,351.73,2024-02-05 14:00:00
856,178,56,3,442.33,2024-02-05 15:00:00
857,51,91,11,76.95,2024-02-05 16:00:00
858,34,64,14,257.51,2024-02-05 17:00:00
859,58,98,12,121.9,2024-02-05 18:00:00
860,39,61,13,402.47,2024-02-05 19:00:00
861,66,90,9,234.7,2024-02-05 20:00:00
862,18,52,19,164.37,2024-02-05 21:00:00
863,90,74,12,426.72,2024-02-05 22:00:00
864,195,46,16,120.52,2024-02-05 23:00:00
865,109,97,9,116.25,2024-02-06 00:00:00
866,88,16,5,77.53,2024-02-06 01:00:00
867,38,49,12,260.84,2024-02-06 02:00:00
868,179,38,8,108.58,2024-02-06 03:00:00
869,63,59,10,310.77,2024-02-06 04:00:00
870,158,60,2,350.6,2024-02-06 05:00:00
871,167,22,8,223.23,2024-02-06 06:00:00
872,114,78,15,337.76,2024-02-06 07:00:00
873,145,55,7,287.21,2024-02-06 08:00:00
874,189,1,10,138.98,2024-02-06 09:00:00
875,71,36,3,372.89,2024-02-06 10:00:00
876,191,54,10,144.95,2024-02-06 11:00:00
877,164,5,12,174.67,2024-02-06 12:00:00
878,4,70,12,120.91,2024-02-06 13:00:00
879,35,44,11,240.31,2024-02-06 14:00:00
880,92,79,19,490.05,2024-02-06 15:00:00
881,122,27,11,57.19,2024-02-06 16:00:00
882,159,5,4,401.9,2024-02-06 17:00:00
883,35,27,1,62.35,2024-02-06 18:00:00
884,13,89,19,403.6,2024-02-06 19:00:00
885,20,86,16,402.69,2024-02-06 20:00:00
886,179,56,7,93.56,2024-02-06 21:00:00
887,198,22,2,376.69,2024-02-06 22:00:00
888,33,75,5,283.12,2024-02-06 23:00:00
889,174,74,3,362.94,2024-02-07 00:00:00
890,158,50,17,226.62,2024-02-07 01:00:00
891,119,38,10,125.52,2024-02-07 02:00:00
892,96,99,8,219.56,2024-02-07 03:00:00
893,21,88,13,303.43,2024-02-07 04:00:00
894,39,61,10,294.1,2024-02-07 05:00:00
895,108,83,7,105.31,2024-02-07 06:00:00
896,136,36,6,173.89,2024-02-07 07:00:00
897,163,11,13,363.83,2024-02-07 08:00:00
898,121,66,10,66.56,2024-02-07 09:00:00
899,27,29,14,227.71,2024-02-07 10:00:00
900,25,60,7,67.21,2024-02-07 11:00:00
901,73,65,16,364.13,2024-02-07 12:00:00
902,21,45,12,480.7,2024-02-07 13:00:00
903,175,22,10,284.73,2024-02-07 14:00:00
904,189,99,9,414.41,2024-02-07 15:00:00
905,118,18,9,176.55,2024-02-07 16:00:00
906,163,96,13,290.46,2024-02-07 17:00:00
907,86,49,17,248.85,2024-02-07 18:00:00
908,118,54,7,101.57,2024-02-07 19:00:00
909,10,91,2,261.93,2024-02-07 20:00:00
910,151,54,7,302.18,2024-02-07 21:00:00
911,181,58,18,94.58,2024-02-07 22:00:00
912,118,69,12,247.42,2024-02-07 23:00:00
913,193,24,16,170.89,2024-02-08 00:00:00
914,169,31,14,120.13,2024-02-08 01:00:00
915,180,31,1,379.96,2024-02-08 02:00:00
916,25,34,18,74.2,2024-02-08 03:00:00
917,36,74,9,107.89,2024-02-08 04:00:00
918,37,32,1,416.21,2024-02-08 05:00:00
919,186,36,10,206.81,2024-02-08 06:00:00
920,18,38,17,380.65,2024-02-08 07:00:00
921,78,60,14,154.9,2024-02-08 08:00:00
922,103,67,14,358.86,2024-02-08 09:00:00
923,30,79,7,75.45,2024-02-08 10:00:00
924,82,1,14,282.46,2024-02-08 11:00:00
925,37,68,1,281.35,2024-02-08 12:00:00
926,86,20,5,469.39,2024-02-08 13:00:00
927,13,89,14,150.67,2024-02-08 14:00:00
928,51,59,5,477.96,2024-02-08 15:00:00
929,153,12,12,109.99,2024-02-08 16:00:00
930,41,97,7,383.03,2024-02-08 17:00:00
931,44,64,16,480.99,2024-02-08 18:00:00
932,186,28,13,470.51,2024-02-08 19:00:00
933,122,32,3,118.19,2024-02-08 20:00:00
934,128,26,3,345.88,2024-02-08 21:00:00
935,68,45,11,163.74,2024-02-08 22:00:00
936,101,34,15,482.76,2024-02-08 23:00:00
937,68,82,16,344.27,2024-02-09 00:00:00
938,55,36,14,335.74,2024-02-09 01:00:00
939,167,19,8,373.16,2024-02-09 02:00:00
940,182,65,18,284.59,2024-02-09 03:00:00
941,114,39,15,216.1,2024-02-09 04:00:00
942,61,47,10,457.47,2024-02-09 05:00:00
943,47,69,3,356.01,2024-02-09 06:00:00
944,124,7,3,239.69,2024-02-09 07:00:00
945,73,35,6,453.28,2024-02-09 08:00:00
946,138,68,6,408.42,2024-02-09 09:00:00
947,35,92,4,357.72,2024-02-09 10:00:00
948,111,21,18,457.95,2024-02-09 11:00:00
949,54,71,11,70.78,2024-02-09 12:00:00
950,145,39,9,165.85,2024-02-09 13:00:00
951,88,56,3,420.05,2024-02-09 14:00:00
952,181,48,7,353.79,2024-02-09 15:00:00
953,89,65,6,99.84,2024-02-09 16:00:00
954,193,47,13,294.86,2024-02-09 17:00:00
955,176,28,2,482.12,2024-02-09 18:00:00
956,41,67,5,309.47,2024-02-09 19:00:00
957,73,21,7,430.46,2024-02-09 20:00:00
958,194,56,15,403.49,2024-02-09 21:00:00
959,153,99,16,449.84,2024-02-09 22:00:00
960,26,45,9,365.18,2024-02-09 23:00:00
961,59,5,8,114.73,2024-02-10 00:00:00
962,155,65,8,205.46,2024-02-10 01:00:00
963,60,33,13,247.08,2024-02-10 02:00:00
964,117,78,3,145.1,2024-02-10 03:00:00
965,88,85,5,55.19,2024-02-10 04:00:00
966,12,34,12,78.52,2024-02-10 05:00:00
967,124,27,3,192.89,2024-02-10 06:00:00
968,108,37,7,478.36,2024-02-10 07:00:00
969,22,40,17,494.3,2024-02-10 08:00:00
970,13,6,11,68.26,2024-02-10 09:00:00
971,175,71,3,171.83,2024-02-10 10:00:00
972,129,24,8,55.85,2024-02-10 11:00:00
973,48,16,14,489.48,2024-02-10 12:00:00
974,17,72,11,162.63,2024-02-10 13:00:00
975,197,15,9,150.77,2024-02-10 14:00:00
976,83,17,6,427.59,2024-02-10 15:00:00
977,48,36,15,369.77,2024-02-10 16:00:00
978,130,4,11,399.77,2024-02-10 17:00:00
979,37,9,13,107.07,2024-02-10 18:00:00
980,40,80,10,373.89,2024-02-10 19:00:00
981,171,51,1,416.3,2024-02-10 20:00:00
982,19,70,19,121.06,2024-02-10 21:00:00
983,134,3,3,490.67,2024-02-10 22:00:00
984,110,22,2,294.56,2024-02-10 23:00:00
985,183,52,12,291.96,2024-02-11 00:00:00
986,77,68,18,448.52,2024-02-11 01:00:00
987,89,5,6,492.71,2024-02-11 02:00:00
988,47,77,18,291.17,2024-02-11 03:00:00
989,175,37,12,392.02,2024-02-11 04:00:00
990,27,23,13,370.02,2024-02-11 05:00:00
991,153,82,17,390.16,2024-02-11 06:00:00
992,174,15,16,388.16,2024-02-11 07:00:00
993,128,84,18,461.39,2024-02-11 08:00:00
994,33,39,9,264.7,2024-02-11 09:00:00
995,16,41,9,95.74,2024-02-11 10:00:00
996,172,1,7,148.08,2024-02-11 11:00:00
997,159,76,17,328.49,2024-02-11 12:00:00
998,91,25,1,425.66,2024-02-11 13:00:00
999,196,7,17,311.77,2024-02-11 14:00:00
1000,179,80,7,169.14,2024-02-11 15:00:00
